Code,Site name,Grid reference,Latitude,Longitude,Source of flow data,NRFA gauging site ID number
Tm,Thame at Wheatley,SP612050,51.740372,-1.115066,Thame at Wheatley gauging station,39105
Ra,Ray at Islip,SP527139,51.821247,-1.236807,Ray at Islip gauging station,39140
Ch,Cherwell at Hampton Poyle,SP499152,51.833191,-1.27724,Cherwell at Enslow Mill gauging station,39021
Ev,Evenlode at Cassington Mill,SP447101,51.787779,-1.353355,Evenlode at Cassington gauging station,39034
TS,Thames at Swinford,SP442085,51.773434,-1.360806,Thames at Eynesham gauging station,39008
TN,Thames at Newbridge,SP403013,51.708995,-1.418158,"Estimated based on catchment area, using Thames gauging data",
Wi,Windrush at Newbridge,SP403014,51.708995,-1.418158,Windrush at Newbridge gauging station,39006
Le,Leach at Lechlade (Mill Lane),SU228996,51.694691,-1.671531,"Leach at Priory Mill, Lechlade gauging station",39042
Cl,Cole at Lynt Bridge,SU210980,51.680375,-1.697669,Cole at Inglesham gauging station,39090
Cn,Coln at Whelford,SU171991,51.690397,-1.754021,Coln at Fairford gauging station,39110
Oc,Ock at Abingdon,SU495967,51.666904,-1.285672,Ock at Abingdon gauging station,39081
Pa,Pang at Tidmarsh,SU636747,51.467704,-1.085798,Pang at Pangbourne gauging station,39027
Tso,Thames at Sonning,SU753758,51.476159,-0.917159,"Estimated based on catchment area, using Thames gauging data",
Lo,Lodden at Charvil,SU779766,51.482999,-0.879553,Lodden at Twyford gauging station,39138
Cu,The Cut at Paley Street,SU869762,51.478094,-0.750074,The Cut at Binfield gauging station,39052
TR,Thames at Runnymede,TQ006723,51.440771,-0.553972,Thames at Windsor Great Park gauging station,39072
Wy,Wye at Bourne End,SU895866,51.571176,-0.710007,"Wye at Hedsor,Bourne End gauging station",39023
TW,Thames at Wallingford,SU609902,51.607351,-1.121986,"Estimated based on catchment area, using Thames gauging data",
TH,Thames at Hannington Wick,SU175961,51.663411,-1.748384,"Estimated based on catchment area, using Thames gauging data",
Ke,Kennet at Woolhampton,SU572667,51.39646,-1.179212,Kennet at Theale gauging station,39016
En,Emborne at Brimpton,SU569649,51.380307,-1.183811,Enborne at Brimpton gauging station,39025
Ju,Jubilee River at Pocock's Bridge,SU976779,51.494317,-0.594135,Not available,39072
Cs,Colne at Staines,,51.433806,-0.51500,Colne at Denham Gauging Station,39010
